[
    {
        "id_product": 1,
        "imgHover": "img/Hover_card.png",
        "img": "img/card_1(men).jpg",
        "tittle": "ELLERY X M'O CAPSULE",
        "text": "Known for her sculptural takes on traditional tailoring, Australian arbiter of cool Kym Ellery teams up with Moda Operandi.",
        "price": "52.00"
    },
    {
        "id_product": 2,
        "imgHover": "img/Hover_card.png",
        "img": "img/card_2 (women).jpg",
        "tittle": "ELLERY X M'O CAPSULE",
        "text": "Known for her sculptural takes on traditional tailoring, Australian arbiter of cool Kym Ellery teams up with Moda Operandi.",
        "price": "52.00"
    },
    {
        "id_product": 3,
        "imgHover": "img/Hover_card.png",
        "img": "img/card_3(men_2).jpg",
        "tittle": "ELLERY X M'O CAPSULE",
        "text": "Known for her sculptural takes on traditional tailoring, Australian arbiter of cool Kym Ellery teams up with Moda Operandi.",
        "price": "52.00"
    },
    {
        "id_product": 4,
        "imgHover": "img/Hover_card.png",
        "img": "img/card_4(men_3).jpg",
        "tittle": "ELLERY X M'O CAPSULE",
        "text": "Known for her sculptural takes on traditional tailoring, Australian arbiter of cool Kym Ellery teams up with Moda Operandi.",
        "price": "52.00"
    },
    {
        "id_product": 5,
        "imgHover": "img/Hover_card.png",
        "img": "img/card_5(women_2).jpg",
        "tittle": "ELLERY X M'O CAPSULE",
        "text": "Known for her sculptural takes on traditional tailoring, Australian arbiter of cool Kym Ellery teams up with Moda Operandi.",
        "price": "52.00"
    },
    {
        "id_product": 6,
        "imgHover": "img/Hover_card.png",
        "img": "img/card_6(women_3).jpg",
        "tittle": "ELLERY X M'O CAPSULE",
        "text": "Known for her sculptural takes on traditional tailoring, Australian arbiter of cool Kym Ellery teams up with Moda Operandi.",
        "price": "52.00"
    }
]